step,instructional_style,responsibility_externalization,obfuscation_techniques,hypothetical_framing,imperative_tone,malicious_intent
500,0.2657650113105774,0.3903375566005707,0.08053384721279144,0.10418609529733658,0.0836838111281395,0.07549362629652023
1000,0.3226727247238159,0.4086076021194458,0.03192074969410896,0.09007402509450912,0.03527311235666275,0.11145177483558655
1500,0.3052677512168884,0.42309844493865967,0.0065012178383767605,0.09253554046154022,0.03526917099952698,0.13732792437076569
2000,0.33284446597099304,0.37898683547973633,0.039760347455739975,0.0919848084449768,0.06732591986656189,0.08909759670495987
2500,0.3430691957473755,0.34282854199409485,0.09556134790182114,0.06217002496123314,0.08525606989860535,0.07111486047506332
3000,0.338836133480072,0.35876035690307617,0.0988512709736824,0.03771224617958069,0.09863566607236862,0.0672042965888977
3500,0.3573632538318634,0.3587111532688141,0.10722322016954422,0.04205353930592537,0.0742027536034584,0.06044607609510422
